{
  "project_info": {
    "project_number": "244927343485",
    "firebase_url": "https://major-project-6e1f7-default-rtdb.asia-southeast1.firebasedatabase.app",
    "project_id": "major-project-6e1f7",
    "storage_bucket": "major-project-6e1f7.appspot.com"
  },
  "client": [
    {
      "client_info": {
        "mobilesdk_app_id": "1:244927343485:android:27a8c356f118c3efb9fa14",
        "android_client_info": {
          "package_name": "com.example.mobileactivityblocker"
        }
      },
      "oauth_client": [
        {
          "client_id": "244927343485-og5j9da7rcf9j6isidgarrmhm31n5rt7.apps.googleusercontent.com",
          "client_type": 3
        }
      ],
      "api_key": [
        {
          "current_key": "AIzaSyBqRTkz132zuIHoWW38W8f-naGXPNIystE"
        }
      ],
      "services": {
        "appinvite_service": {
          "other_platform_oauth_client": [
            {
              "client_id": "244927343485-og5j9da7rcf9j6isidgarrmhm31n5rt7.apps.googleusercontent.com",
              "client_type": 3
            }
          ]
        }
      }
    }
  ],
  "configuration_version": "1"
}